financial_year,upi_txn_value_cr,yoy_growth_percent
FY-16,893.07,NULL
FY-17,57020.869999999995,6284.82
FY-18,585710.45,927.19
FY-19,1836638.18,213.57
FY-20,3387744.7200000007,84.45
FY-21,7159285.8,111.33
FY-22,12595077.87,75.93
FY-23,18292795.209999997,45.24
FY-24,24682520.78,34.93
FY-25,19328864.990000002,-21.69
